Model,Total Time (s),Time per Sample (ms)
XGBoost,0.9299609661102295,0.002639752267614641
LSTM,0.025181293487548828,0.1798663820539202
